[{"id":"5513996450810@c.us","xp":2367,"level":17},{"id":"556199617567@c.us","xp":1678,"level":14},{"id":"556291206572@c.us","xp":1584,"level":13},{"id":"556198532909@c.us","xp":1790,"level":15},{"id":"5521989354633@c.us","xp":691,"level":4},{"id":"558597833428@c.us","xp":583,"level":3},{"id":"557999284602@c.us","xp":825,"level":9},{"id":"5513996417349@c.us","xp":702,"level":8},{"id":"555597172241@c.us","xp":786,"level":8},{"id":"556196380219@c.us","xp":344,"level":4},{"id":"553186852796@c.us","xp":311,"level":4},{"id":"5521968596150@c.us","xp":798,"level":4},{"id":"556392446230@c.us","xp":290,"level":3},{"id":"556196581894@c.us","xp":256,"level":3},{"id":"5513996441182@c.us","xp":270,"level":3},{"id":"5513996004027@c.us","xp":412,"level":5},{"id":"556199140861@c.us","xp":83,"level":1},{"id":"556199965519@c.us","xp":70,"level":1},{"id":"558589317686@c.us","xp":55,"level":1},{"id":"5527997248336@c.us","xp":49,"level":1},{"id":"5519992856681@c.us","xp":49,"level":1},{"id":"556293176453@c.us","xp":106,"level":1},{"id":"5521974759165@c.us","xp":39,"level":1},{"id":"5511970476973@c.us","xp":26,"level":1},{"id":"819099172504@c.us","xp":36,"level":1},{"id":"5527992876716@c.us","xp":14,"level":1},{"id":"595985502257@c.us","xp":13,"level":1},{"id":"5513996538017@c.us","xp":13,"level":1},{"id":"556198652430@c.us","xp":12,"level":1},{"id":"51951410748@c.us","xp":8,"level":1},{"id":"553194237410@c.us","xp":8,"level":1},{"id":"553598634467@c.us","xp":8,"level":1},{"id":"5511969548760@c.us","xp":7,"level":1},{"id":"554791276593@c.us","xp":7,"level":1},{"id":"558496503492@c.us","xp":0,"level":1},{"id":"5513997210329@c.us","xp":0,"level":1},{"id":"17027294465@c.us","xp":0,"level":1},{"id":"5511952464227@c.us","xp":0,"level":1},{"id":"5511974336378@c.us","xp":0,"level":1},{"id":"558981162411@c.us","xp":0,"level":1},{"id":"557399332835@c.us","xp":0,"level":1},{"id":"5513996680437@c.us","xp":0,"level":1},{"id":"5513996319878@c.us","xp":0,"level":1},{"id":"557981722937@c.us","xp":0,"level":1},{"id":"5513996839752@c.us","xp":0,"level":1},{"id":"553173092061@c.us","xp":0,"level":1},{"id":"558481448895@c.us","xp":0,"level":1},{"id":"5511966702445@c.us","xp":0,"level":1},{"id":"557183001895@c.us","xp":0,"level":1},{"id":"5511970666005@c.us","xp":0,"level":1},{"id":"556284118276@c.us","xp":0,"level":1},{"id":"556191083563@c.us","xp":0,"level":1},{"id":"5513996679123@c.us","xp":0,"level":1},{"id":"5511996071659@c.us","xp":0,"level":1},{"id":"5511948980431@c.us","xp":0,"level":1},{"id":"5511954730485@c.us","xp":0,"level":1},{"id":"559691733601@c.us","xp":0,"level":1},{"id":"557581336170@c.us","xp":0,"level":1},{"id":"5519998559460@c.us","xp":0,"level":1},{"id":"258845916612@c.us","xp":0,"level":1},{"id":"5521987541096@c.us","xp":0,"level":1},{"id":"558598490475@c.us","xp":0,"level":1},{"id":"5511958027521@c.us","xp":0,"level":1},{"id":"821048680236@c.us","xp":0,"level":1},{"id":"5511943608269@c.us","xp":0,"level":1},{"id":"5511964748041@c.us","xp":0,"level":1},{"id":"5518991355831@c.us","xp":0,"level":1},{"id":"559193274713@c.us","xp":0,"level":1},{"id":"5513997912004@c.us","xp":9,"level":1},{"id":"5513996035573@c.us","xp":0,"level":1},{"id":"5514997406149@c.us","xp":0,"level":1},{"id":"5513991023428@c.us","xp":29,"level":1},{"id":"559391174691@c.us","xp":0,"level":1},{"id":"5513991357587@c.us","xp":0,"level":1},{"id":"553891141559@c.us","xp":0,"level":1},{"id":"5513996632031@c.us","xp":0,"level":1},{"id":"5513996109915@c.us","xp":0,"level":1},{"id":"559193540351@c.us","xp":0,"level":1},{"id":"5513996938397@c.us","xp":0,"level":1},{"id":"5513982285707@c.us","xp":0,"level":1},{"id":"5513996046153@c.us","xp":0,"level":1},{"id":"5513981566446@c.us","xp":0,"level":1},{"id":"5511947052848@c.us","xp":0,"level":1},{"id":"584243473881@c.us","xp":0,"level":1},{"id":"5513981366758@c.us","xp":0,"level":1},{"id":"5513997542667@c.us","xp":0,"level":1},{"id":"923439602945@c.us","xp":0,"level":1},{"id":"559991628205@c.us","xp":0,"level":1},{"id":"5513996267158@c.us","xp":0,"level":1},{"id":"559294999521@c.us","xp":0,"level":1},{"id":"994404730592@c.us","xp":0,"level":1},{"id":"559891879332@c.us","xp":0,"level":1},{"id":"558388568338@c.us","xp":0,"level":1},{"id":"558195765387@c.us","xp":0,"level":1},{"id":"5513982134301@c.us","xp":0,"level":1},{"id":"5511984218400@c.us","xp":0,"level":1},{"id":"5513997366187@c.us","xp":0,"level":1},{"id":"557197404984@c.us","xp":0,"level":1},{"id":"5511977519089@c.us","xp":0,"level":1},{"id":"5519999264478@c.us","xp":0,"level":1},{"id":"559392432726@c.us","xp":0,"level":1},{"id":"556298349016@c.us","xp":0,"level":1},{"id":"557592946195@c.us","xp":0,"level":1},{"id":"559884393860@c.us","xp":0,"level":1},{"id":"556183574726@c.us","xp":0,"level":1},{"id":"558596799563@c.us","xp":0,"level":1},{"id":"553196204415@c.us","xp":0,"level":1},{"id":"553499955046@c.us","xp":0,"level":1},{"id":"559591590743@c.us","xp":0,"level":1},{"id":"559191047117@c.us","xp":0,"level":1},{"id":"558781307101@c.us","xp":0,"level":1},{"id":"5511972650506@c.us","xp":0,"level":1},{"id":"556292576686@c.us","xp":0,"level":1},{"id":"559198124284@c.us","xp":0,"level":1},{"id":"552197175769@c.us","xp":0,"level":1},{"id":"5513997714713@c.us","xp":0,"level":1},{"id":"558588938260@c.us","xp":0,"level":1},{"id":"5514996964992@c.us","xp":0,"level":1},{"id":"555499993705@c.us","xp":0,"level":1},{"id":"557398226185@c.us","xp":0,"level":1},{"id":"5513981102265@c.us","xp":0,"level":1},{"id":"5513974173458@c.us","xp":0,"level":1},{"id":"5513996325010@c.us","xp":0,"level":1},{"id":"5513997248654@c.us","xp":0,"level":1},{"id":"5513981009807@c.us","xp":0,"level":1},{"id":"5513996282069@c.us","xp":0,"level":1},{"id":"554398322940@c.us","xp":0,"level":1},{"id":"555496640862@c.us","xp":0,"level":1},{"id":"5511971667132@c.us","xp":0,"level":1},{"id":"558688766381@c.us","xp":0,"level":1},{"id":"559193612449@c.us","xp":0,"level":1},{"id":"5516991623107@c.us","xp":0,"level":1},{"id":"557798148813@c.us","xp":0,"level":1},{"id":"558186678952@c.us","xp":0,"level":1},{"id":"5511969096581@c.us","xp":0,"level":1},{"id":"5513996594905@c.us","xp":22,"level":1},{"id":"554498257715@c.us","xp":0,"level":1},{"id":"557398041968@c.us","xp":0,"level":1},{"id":"5524993049544@c.us","xp":0,"level":1},{"id":"559884505032@c.us","xp":0,"level":1},{"id":"558288836870@c.us","xp":0,"level":1},{"id":"559293026258@c.us","xp":0,"level":1},{"id":"5521992079100@c.us","xp":0,"level":1},{"id":"554291591106@c.us","xp":0,"level":1},{"id":"559294593279@c.us","xp":0,"level":1},{"id":"554384469918@c.us","xp":0,"level":1},{"id":"559991413338@c.us","xp":0,"level":1},{"id":"553192816622@c.us","xp":0,"level":1},{"id":"5519996685939@c.us","xp":0,"level":1},{"id":"555591205427@c.us","xp":0,"level":1},{"id":"553891648703@c.us","xp":0,"level":1},{"id":"5511981866366@c.us","xp":0,"level":1},{"id":"559295362342@c.us","xp":0,"level":1},{"id":"558199841427@c.us","xp":0,"level":1},{"id":"555199309995@c.us","xp":0,"level":1},{"id":"5511930451379@c.us","xp":0,"level":1},{"id":"559284643206@c.us","xp":0,"level":1},{"id":"5511990271095@c.us","xp":0,"level":1},{"id":"59163404718@c.us","xp":0,"level":1},{"id":"556298138151@c.us","xp":0,"level":1},{"id":"16572263310@c.us","xp":0,"level":1},{"id":"5511967122558@c.us","xp":0,"level":1},{"id":"559984601228@c.us","xp":0,"level":1},{"id":"553599228959@c.us","xp":0,"level":1},{"id":"558994584260@c.us","xp":0,"level":1},{"id":"559491129269@c.us","xp":0,"level":1},{"id":"559191707923@c.us","xp":14,"level":1},{"id":"5513996272073@c.us","xp":20,"level":1},{"id":"5515996113825@c.us","xp":0,"level":1}]